id,AFR,AMR,EAS,EUR,SAS
689,0.17769594908773764,0.20695634463654825,0.2110838007914385,0.247305033866209,0.15695887161806657
1196,0.23089250225161118,0.10229805385182143,0.24698033934179625,0.19924466436465196,0.22058444019011925
1766,0.08372012230632234,0.478872403255675,0.2114024799016653,0.15615845430336253,0.06984654023297479
1898,0.0519349831512002,0.2612387334799238,0.27398262708839,0.2355324187506678,0.17731123752981814
2071,0.09425844130188116,0.22217927040985155,0.13605763388678413,0.2444692406797483,0.30303541372173487
623,0.21362656641922295,0.29562212458074233,0.338947038244066,0.018832590567936548,0.13297168018803218
1074,0.03428012622634338,0.2733496768128446,0.28262663574596186,0.1863534144382541,0.22339014677659602
1105,0.5688373761075679,0.002781839861659694,0.18964023867319696,0.16032489707595762,0.07841564828161786
449,0.21573326130596054,0.06424801913510711,0.06856798337056993,0.33272699428669905,0.31872374190166336
2363,0.26473141374031056,0.23015818196125018,0.030364409494997583,0.2265684312869595,0.2481775635164822
2019,0.1661397531689791,0.21205234053009664,0.24298696069632908,0.26287068001133607,0.11595026559325919
635,0.3022857849401484,0.019549808076385143,0.211374504566264,0.22675562110677594,0.24003428131042656
700,0.017423741256069634,0.26786967143767926,0.3256118568419208,0.22272169216938426,0.16637303829494612
2155,0.24084523106844483,0.09079598579309467,0.4425159683720896,0.22473611220683248,0.0011067025595382512
1726,0.30455485588852454,0.21259207497990093,0.2702012424035378,0.10294603564095878,0.1097057910870779
417,0.32384112705080315,0.02128083943231117,0.06034897110358073,0.1778870490940781,0.41664201331922696
1646,0.22048838150443517,0.24190624074222408,0.02866652391155087,0.3864175075655884,0.12252134627620147
2136,0.02981591811879573,0.0015769418272544573,0.4765465009616755,0.36576149913773026,0.12629913995454395
236,0.437502682810179,0.01796871159403913,0.4595659080079719,0.024651312369497594,0.06031138521831247
1704,0.2859077305362434,0.019080982504532773,0.2564621143423284,0.052426885098016573,0.3861222875188787
1046,0.2602607021436744,0.23831345476635427,0.18491222294530463,0.20861285256895384,0.10790076757571282
867,0.20635374354940977,0.40358742210367027,0.004270404090002884,0.11672961389778319,0.26905881635913387
258,0.18200938914834436,0.13867541226834665,0.2441914908060413,0.42080096574925074,0.014322742028017059
687,0.019758829121665853,0.5065500155333944,0.20182097628646892,0.1157677795544603,0.1561023995040106
957,0.25373725386974233,0.013026703520906747,0.19461324546168784,0.40293001014863533,0.13569278699902781
1128,0.09089122319998204,0.12254828908349842,0.16307832268589276,0.3282954988751683,0.29518666615545847
371,0.0495315455603015,0.31233250422580217,0.10920201779516242,0.2419580064126173,0.28697592600611654
2041,0.24221970279054592,0.3106729806938474,0.22389635247920153,0.04799926517728354,0.17521169885912158
1181,0.1626401998220998,0.026109364226095846,0.2775770507096406,0.45340115511312823,0.0802722301290355
1637,0.2231528638262602,0.2781206574297516,0.00984779224289096,0.30544214250071977,0.18343654400037757
653,0.3097540776399701,0.1329546452528759,0.14464152283522738,0.3622491364416894,0.05040061783023711
12,0.261088674441547,0.24030513919748597,0.25584521815352523,0.16730447396741774,0.07545649424002406
645,0.07166332304838437,0.34053279112917817,0.3255246226140023,0.09048740148634142,0.17179186172209374
2278,0.2056802426282758,0.2631585735562902,0.2275737937934995,0.28436362365947776,0.019223766362456852
224,0.18884836140008426,0.05721225929533211,0.127597823455084,0.17343771790342527,0.4529038379460743
1163,0.2910813225459095,0.4741155379952196,0.007808634524740851,0.16161911252697508,0.06537539240715486
1621,0.10089331985108152,0.18434538680475349,0.2536126760262284,0.22141350882559319,0.23973510849234347
1574,0.16273833154722778,0.18403247309535875,0.030809444449918934,0.3038551635480846,0.31856458735940985
361,0.12970277719877377,0.24827176486250746,0.14506551249256608,0.20366274597720693,0.2732971994689458
1700,0.018177161008107623,0.09468159932960776,0.6207789841986936,0.09744718313619748,0.16891507232739367
678,0.2517572625225801,0.03164118241817837,0.28102104039952047,0.10902045571012489,0.3265600589495961
1905,0.2460204630881692,0.21544872646710206,0.2398162773625381,0.2501568366057881,0.04855769647640263
1413,0.006376488949884409,0.11184424163264065,0.4242570843415779,0.36214008502460404,0.09538210005129306
1155,0.35913324203109304,0.1138143104028732,0.2282014781261112,0.10232914748403915,0.1965218219558835
873,0.2334773300362068,0.3109693619509925,0.018672764087764582,0.21825366768485752,0.21862687624017846
254,0.15480892332081722,0.27881959352495106,0.10828649956446208,0.29149859964583313,0.1665863839439366
2046,0.3179480039701294,0.17580821092035145,0.09677921166497462,0.31954473770397546,0.08991983574056911
1564,0.18488367076542297,0.2632003717960769,0.3922047023249334,0.10357888647252192,0.0561323686410448
80,0.2558290502068085,0.2527054708808461,0.1558591520489347,0.16768942232566086,0.1679169045377498
2197,0.09035011126392943,0.20649793846852874,0.24723823830644157,0.4154491344787501,0.04046457748235001
1252,0.1280737303887755,0.03586407628614917,0.43838866074451444,0.26701676349295167,0.13065676908760912
1056,0.09799709034302716,0.17521825489926895,0.3332200363022845,0.30474578136313174,0.08881883709228772
535,0.162882396091518,0.14138592830907495,0.29785246535332227,0.16911346836068786,0.22876574188539692
2478,0.12296792925207774,0.27799745037240153,0.1346281062244714,0.09876354099315798,0.3656429731578912
1499,0.21922179244157125,0.11900245139873868,0.2311241120273218,0.1802245104543771,0.2504271336779911
1638,0.06317983342541528,0.1416156289518103,0.27418908920974305,0.27105588431118516,0.24995956410184622
2323,0.08275497275348856,0.0901222639219062,0.045734437297585036,0.48918723263081915,0.292201093396201
888,0.2579142931512811,0.2362933824138772,0.2316310671930511,0.16596130140787207,0.10819995583391859
307,0.14852746963591565,0.23704683068466167,0.17142888993959224,0.3488555171436245,0.09414129259620597
1249,0.2512492770943495,0.34684262236596913,0.214899030505081,0.032865609259036935,0.15414346077556346
2164,0.20697949365249016,0.1465901967677495,0.24945390102495865,0.2576837578292463,0.13929265072555527
2123,0.24308125736029823,0.003293917110698549,0.19643526877919743,0.444257897581147,0.1129316591686588
539,0.2578233841171244,0.120448462331781,0.25692103184792625,0.26509008357568187,0.09971703812748632
2277,0.19980594187813047,0.27555188277120524,0.08216021244397305,0.2034057358682645,0.23907622703842674
990,0.41001892442157756,0.04549113215658508,0.4012257130681439,0.14294167495733096,0.000322555396362598
1026,0.06413528845828495,0.3319547631230177,0.2100900676257769,0.2171664483053335,0.1766534324875868
2116,0.35564905639199745,0.07336018138193416,0.20485155983381512,0.26822401326303225,0.09791518912922108
2027,0.25089162780634966,0.2651178441529094,0.19487371508179221,0.1947881710125631,0.09432864194638561
1767,0.1651532153303091,0.18056346733150985,0.28128655288540616,0.10475519782491803,0.2682415666278567
1987,0.0026604638502515598,0.4372941229998869,0.028931297030261052,0.436257575307535,0.09485654081206552
606,0.1479570405093842,0.23510794324790782,0.22545651915586373,0.15103466352126507,0.2404438335655793
2207,0.2113071844487924,0.18860573330131292,0.22697004395626574,0.17483456338937348,0.1982824749042554
859,0.03314068551303954,0.3555474863148191,0.09178375571135199,0.1554861320827116,0.3640419403780778
1004,0.12883997808439165,0.4021982920162684,0.3161632090811175,0.022977772659111634,0.1298207481591109
2381,0.11768582353374694,0.009174593253470713,0.21725056212266589,0.30892666785218226,0.34696235323793423
1728,0.023970933125087412,0.5929953176819589,0.15494428764895316,0.06935724004006678,0.15873222150393365
1500,0.13266317474341052,0.005406157196479787,0.46154820848941047,0.14314107555788266,0.2572413840128165
628,0.05979815606069809,0.16208801357363686,0.21247326906370928,0.09977123084057724,0.4658693304613785
2228,0.2786937231107308,0.05440705905183886,0.509704955670258,0.14720124523666342,0.009993016930508948
1857,0.34602956180657485,0.16391751412841954,0.012728142944068249,0.21806735911079234,0.259257422010145
365,0.308518264581031,0.22340722903784194,0.20793655202248795,0.05279716852845585,0.20734078583018334
1273,0.2351999753594561,0.1715475695205116,0.14759338980107367,0.24725304254177444,0.19840602277718425
1451,0.03721881117556425,0.3278019084813547,0.23442034597699085,0.03477394343298896,0.3657849909331012
279,0.13306457255068466,0.19998866709166715,0.18666886427902418,0.3618756645314587,0.11840223154716542
643,0.2802220272722542,0.16370321512570238,0.08550172109170427,0.2561716169623345,0.2144014195480048
1748,0.22842930109218898,0.15722426261958838,0.24267098463948364,0.1844852507869907,0.18719020086174828
2183,0.2573197026562961,0.10380792865586944,0.21477019281387055,0.1151605203898362,0.3089416554841277
1289,0.2770090739813745,0.1525223740832123,0.20464299917298803,0.10369646000730318,0.2621290927551219
1989,0.04343257460823745,0.28089893113975994,0.21636985216931254,0.1828794217346261,0.276419220348064
764,0.37082215029665994,0.18974521655727797,0.14050038571493642,0.1851282772002912,0.1138039702308345
1492,0.3227160661812075,0.026415453330056383,0.26921946351172643,0.29655607798694017,0.08509293899006952
276,0.08010034601511401,0.2764708218243287,0.10115698917753332,0.10359944313313106,0.4386723998498929
920,0.24743575326778774,0.22983720199455587,0.10160998395687885,0.12713057516969106,0.2939864856110865
1229,0.2797555108339003,0.14206744961925716,0.009881005269817111,0.16658993077979617,0.40170610349722935
1539,0.3672356081984747,0.03133435487238139,0.12312530920926129,0.33084077754738783,0.14746395017249475
469,0.3059679982370242,0.14281939583811445,0.023159408375396356,0.2758343397629688,0.2522188577864963
1233,0.09116470636974765,0.04421356878018568,0.2052075686499605,0.4394043230367747,0.2200098331633315
771,0.256505558564731,0.18899414527733027,0.25636205767343334,0.16012972086466992,0.13800851761983546
609,0.35196056044222734,0.07859858763463844,0.003750245178267205,0.16438502211580458,0.4013055846290625
1554,0.01031583653157756,0.27333121113342806,0.37751294396377083,0.13391529533142296,0.20492471303980067
646,0.3327947874402444,0.08144646139440978,0.36814492686103234,0.11378071278577065,0.10383311151854281
552,0.04413341153761814,0.24025503138865917,0.09294698434314551,0.3032043997765249,0.3194601729540524
1007,0.2077423835089716,0.3375889892836829,0.27342398075357244,0.08082972149301447,0.10041492496075854
2475,0.12611778033708504,0.3435298515623826,0.09329126216923901,0.16861689721595655,0.2684442087153368
1312,0.09575437492795227,0.06436808345157967,0.31809959047539943,0.16526559962231221,0.3565123515227564
1977,0.2152712142651487,0.14635330023758297,0.20665370527792526,0.22379492918170893,0.20792685103763414
1454,0.03265423893987047,0.284799009936688,0.15807888289685224,0.22838877096810387,0.29607909725848547
1745,0.007582804175072618,0.350151950901888,0.35504923440665276,0.047028883193831535,0.240187127322555
2234,0.23655452335577196,0.2617539698429701,0.2971287859390879,0.11194846102015245,0.09261425984201765
2333,0.23354167837690648,0.143598293373139,0.0729688859341562,0.2802877047754111,0.26960343754038724
2356,0.05470957793549634,0.1764851540449403,0.23311953040292294,0.29992893350977584,0.23575680410686464
2048,0.30040032770425334,0.09305706884786251,0.2983702828956049,0.3031540006342179,0.005018319918061435
2060,0.125705011072676,0.45870818395464136,0.05914436434415594,0.04657153782431189,0.3098709028042149
2382,0.30041085145311447,0.05376440925014835,0.3468695194642636,0.23589355354253794,0.0630616662899357
1623,0.2459812938163784,0.24315348115986332,0.01719973199723573,0.18890581348249777,0.30475967954402483
2273,0.11321038669043815,0.21522934763341295,0.14516977502760778,0.20297391091489222,0.32341657973364896
517,0.2075380949093992,0.24366491669498624,0.12632702276858634,0.17003561901211645,0.25243434661491165
733,0.2910048562966592,0.004627777266805194,0.306753611525781,0.2397725505356113,0.1578412043751433
2348,0.17078348277364805,0.3507104178287331,0.23098188438584943,0.09013552616764797,0.15738868884412147
1232,0.23374597947634512,0.059775285361752716,0.0402284565111634,0.1489724296354073,0.5172778490153316
1877,0.0514447612319537,0.0405845688050759,0.4654685003381073,0.41929238099136046,0.023209788633502617
2036,0.12103569418737653,0.06163746968040087,0.40618408829423336,0.2905287460950661,0.12061400174292318
2325,0.26635169326001656,0.08966852538728279,0.20994995733651695,0.13682384796198024,0.2972059760542034
935,0.2758077282696194,0.025412741696242868,0.22588450352447192,0.14053911116469983,0.332355915344966
871,0.18094474913241856,0.15289945510082129,0.2885183527179141,0.19899490706511433,0.17864253598373175
20,0.10175198040999536,0.24090932275229515,0.22045993926848506,0.2607736813682411,0.1761050762009833
1079,0.27689895472112974,0.06748845949323125,0.16466238444286105,0.2089008115723475,0.28204938977043054
1733,0.4946057607873254,0.026672709760428376,0.2982356280488338,0.02881103736556015,0.15167486403785227
85,0.06254785833180784,0.26725696487333805,0.3044552503138962,0.3050645576176856,0.060675368863272114
1143,0.36323478890191485,0.15888234606266605,0.2051583794973756,0.025114381268663864,0.2476101042693796
2125,0.34380203733215714,0.34048704650856,0.23421171784880337,0.07420632302403822,0.007292875286441261
1717,0.3786076011851572,0.33244196383550734,0.08580862345988706,0.13449828936628785,0.06864352215316065
381,0.4384331911632481,0.06125046167116876,0.21182168574259724,0.19050653327086892,0.0979881281521169
1893,0.10759218401550567,0.33527622354762027,0.1778957011423875,0.06214140011843253,0.31709449117605404
1759,0.3987162037370011,0.16009341378086112,0.059821830991804804,0.14797162795654106,0.23339692353379188
35,0.572221305820193,0.07390127914903122,0.06553032641822655,0.11620216994059442,0.17214491867195472
1671,0.06870740442808487,0.025881205142971063,0.09599391475523739,0.3979254067064157,0.41149206896729096
2193,0.23237744535155114,0.09041487803846053,0.36636979887168997,0.27632959634444965,0.03450828139384876
2287,0.13310459781057113,0.29100739319714114,0.25879606331656396,0.1792553958813566,0.13783654979436702
1777,0.16107586411710537,0.05909457298958713,0.04884732120335353,0.4101936868851743,0.32078855480477964
1605,0.40623286379746654,0.03690203866780408,0.13094739468052777,0.09759432044599724,0.32832338240820436
922,0.11865019456198823,0.03670408229492393,0.4602251675020114,0.11406276139132558,0.2703577942497508
970,0.09916755045635385,0.18026484768761372,0.29338140505478133,0.22072236876603987,0.2064638280352113
1425,0.26563178825540146,0.35762003179898105,0.16210593646678595,0.20725920724490984,0.007383036233921615
625,0.3109843832435533,0.10828591763023387,0.01807361843661669,0.4197824417981475,0.1428736388914485
662,0.2034625828103942,0.37750099627770245,0.08296309217162127,0.05216323754960181,0.28391009119068017
277,0.05047136819245476,0.21551349144816848,0.2725291624404697,0.1080623534506596,0.35342362446824743
2355,0.13336906642812252,0.36522497780571095,0.05698353785996118,0.2537493068294524,0.1906731110767529
1321,0.34956910990613155,0.2848367489274891,0.11508876057535178,0.03325348973616885,0.21725189085485883
2266,0.15076338764035038,0.1806468605799041,0.22919377454518394,0.15913911169010173,0.2802568655444598
1937,0.20176920155455236,0.200961450889505,0.13619747332957652,0.295407509820158,0.16566436440620816
2402,0.17036682226612604,0.30767044276531985,0.18949512673257138,0.20707476174126271,0.12539284649472013
1417,0.1484328384706825,0.19974481620533155,0.09945068357395627,0.3769440070622417,0.17542765468778798
241,0.23379556928925113,0.48454102108400915,0.2312395937868692,0.03790373965571457,0.012520076184155734
651,0.23473143746849529,0.19674491500513808,0.1439291983171903,0.2502289102362955,0.17436553897288062
1959,0.21831769650759622,0.17237545024191442,0.25148971544385035,0.04106791761269781,0.31674922019394125
1641,0.21727383365118622,0.17990769372118712,0.23687704844065768,0.1249813726965325,0.2409600514904365
1039,0.06812011134627337,0.026870648039155405,0.29591345440527866,0.30092848458600097,0.3081673016232917
545,0.13493978678588545,0.3012092140867774,0.008284935257521175,0.25047200330463165,0.30509406056518434
2299,0.1184718274666732,0.5761877236018904,0.2127281850162691,0.01343948161191448,0.0791727823032527
1174,0.3537081236777419,0.41691726209644603,0.08741714413011806,0.12081218548721626,0.02114528460847791
1670,0.21228427845096712,0.3062985071521654,0.1300027734160667,0.01689205766368809,0.33452238331711276
939,0.2442953987432279,0.21908162029912723,0.21348607163048858,0.03842232826888284,0.28471458105827346
1301,0.21432485480376984,0.2227880165837917,0.04023450252589568,0.17757771004010814,0.3450749160464347
215,0.24153137695567156,0.24955436219979438,0.2295659503370672,0.04041428497148666,0.2389340255359802
2499,0.34204260659344404,0.11071709949280678,0.12926100792715692,0.3078763449089887,0.11010294107760359
1780,0.2888900401496185,0.007950902185949595,0.19548563848807696,0.13536546527272808,0.3723079539036267
1254,0.12746839023550066,0.1886813569932864,0.34967781257430425,0.3271529938156388,0.007019446381269988
497,0.1651481450802533,0.08439770400368747,0.3345222078836673,0.18907798497840367,0.22685395805398825
1063,0.29543622501051386,0.01661751512169501,0.2978823308016275,0.10251106401172538,0.28755286505443817
1383,0.401333357098228,0.2796654655294644,0.1321492755074047,0.0815461207022655,0.10530578116263742
639,0.06968497160799253,0.12859333272028411,0.3139931227290426,0.32121842844768267,0.16651014449499804
2174,0.37898366784396886,0.31014591218830523,0.2791987766777005,0.02116432838058874,0.010507314909436766
837,0.39549951537151173,0.2033782713726102,0.18841038586297135,0.13920448106298203,0.07350734632992464
996,0.2434866647098445,0.11647635294247768,0.09366609104997212,0.22156899402208557,0.32480189727562003
19,0.22480903105637506,0.32404854745895406,0.1373678126436037,0.10018047103563932,0.21359413780542785
412,0.2486682186363414,0.3396696329126216,0.2187517905672706,0.1358256883805847,0.057084669503181654
868,0.31034352098293694,0.042813916343986305,0.02829078531915893,0.21572478067402423,0.4028269966798935
538,0.22620647908741906,0.15090867395312987,0.26122572395525295,0.1463343478907114,0.2153247751134868
1714,0.44433269542332343,0.3991943770722621,0.006192457489101388,0.08458001448414261,0.06570045553117017
2267,0.21879599798236768,0.2655843435995946,0.26196025305015386,0.10169223879927278,0.15196716656861098
491,0.3098866459448291,0.02622373662188403,0.27824848275321973,0.2931633055814527,0.09247782909861436
1270,0.38375318537236613,0.14515697420341214,0.008196717471275653,0.258494854435845,0.2043982685171012
1474,0.08396568590034667,0.180225664664487,0.3266694829709912,0.40885570399371196,0.00028346247046327126
761,0.12077353757447934,0.045695871665987674,0.2126245677777283,0.3759091480835784,0.24499687489822636
1389,0.1282517654370388,0.027565893101311103,0.12231454405415777,0.49808297018025804,0.22378482722723428
1340,0.2115992709221339,0.24201823334183323,0.2969446435833036,0.12420261951119194,0.12523523264153724
1180,0.20145513028139642,0.20459819357403203,0.15401302665123892,0.21011561580444965,0.2298180336888829
2352,0.20220608255905173,0.10012400678862254,0.33378067147977913,0.1972701462202048,0.16661909295234173
2068,0.42816923372265947,0.005027133350595059,0.1183041374597769,0.23073787056270717,0.21776162490426137
150,0.3053397685301267,0.1901834419339053,0.05281246324466791,0.13354117585929084,0.31812315043200917
813,0.30572509003162096,0.2939090944141687,0.3157351992879368,0.0348669883077101,0.04976362795856347
718,0.1811631643921339,0.10620317312739505,0.2904861202057589,0.24367213900308718,0.17847540327162487
933,0.15363513769414303,0.180297374047628,0.23030931068207486,0.2636446659227072,0.17211351165344693
710,0.0338971413729707,0.07357699788031283,0.5193684300290914,0.1052315495472462,0.26792588117037885
1057,0.25278161328621596,0.08720848195827363,0.05822729373942343,0.12840058393351728,0.4733820270825697
536,0.23079883775513746,0.2177627955125477,0.2515957949765574,0.02486163462438961,0.274980937131368
961,0.21069616104332528,0.4530000317143089,0.00823305931421035,0.12854407651664984,0.19952667141150557
1739,0.11613822501160798,0.27615526991268685,0.2557635912398761,0.2245775539674472,0.12736535986838196
1368,0.2890712685222627,0.07019423817842096,0.29199313535434634,0.21609741446554034,0.13264394347942957
1542,0.09186003479633244,0.49721375547176677,0.3110256457485889,0.03277613835754326,0.06712442562576883
34,0.2416284788712401,0.14549478911986882,0.11715983031483397,0.27444536382708296,0.2212715378669742
604,0.20625163219103093,0.39616956416582694,0.005176123747360376,0.3302549709700702,0.0621477089257115
506,0.408979139237444,0.09717562203803487,0.010006939154947537,0.18318617482026958,0.3006521247493039
1737,0.37658660397075566,0.22598932646678227,0.11963047368881885,0.15469976239608862,0.1230938334775544
1845,0.15520134571552294,0.18462099837621282,0.05886531912599609,0.3169378260952122,0.2843745106870559
812,0.25129558567560617,0.0026483735795697857,0.1835871552713532,0.31244607133228247,0.2500228141411884
1869,0.05793981710707294,0.18353231955502322,0.39201710588722644,0.04607520512553826,0.3204355523251391
2314,0.14422307319709515,0.24497070913293528,0.30729051002823843,0.09806870028604772,0.20544700735568347
442,0.06586847953784083,0.07159958724299137,0.5426611290188936,0.04112435467125001,0.27874644952902433
1495,0.15885042066100064,0.04615817969714119,0.1415150449839091,0.25356425132793753,0.3999121033300116
2010,0.07387342663892497,0.14122100043059962,0.22125349776379263,0.3819202155127088,0.18173185965397398
2115,0.22372896972936196,0.2799370355457517,0.08137783590535165,0.2991290411486709,0.11582711767086384
649,0.2684393669381389,0.3581403668321455,0.018616927087890534,0.13787719612980534,0.21692614301201965
2424,0.15493407437065423,0.29733743403039986,0.06441816056952249,0.04653220060509519,0.4367781304243282
90,0.14846217716412116,0.15481528361015445,0.32254529165678336,0.09237157134440423,0.2818056762245368
644,0.014783572348004653,0.4563489348198993,0.2648756102169747,0.006013298217699391,0.25797858439742183
332,0.17473139049087466,0.3164309167707088,0.08493313541912367,0.2260801368925804,0.19782442042671253
2144,0.33041747407182154,0.035599417290032784,0.13510659902535377,0.2822651425832688,0.2166113670295232
1584,0.24265962411630979,0.2240435783397916,0.37956063076221674,0.040122884729614124,0.1136132820520678
400,0.2884669892038622,0.005201618348375916,0.30725745710946756,0.20951709255077047,0.18955684278752394
2195,0.015554124380704323,0.27077625134780986,0.2790609681563249,0.2390635471372161,0.19554510897794486
1220,0.11305935222613313,0.17318019334172322,0.28011522641950265,0.21266832155907134,0.2209769064535697
130,0.35948859246675846,0.17259317546011982,0.040172295022604984,0.15099680243310154,0.2767491346174151
1874,0.26239729849218424,0.278138507672271,0.2064864590767078,0.1824223674413507,0.07055536731748638
499,0.2261658146875746,0.05719638589295629,0.2679316860227181,0.20574060228191202,0.2429655111148389
1636,0.04008391080183613,0.30566433664766246,0.2614782104181682,0.18077067931644325,0.21200286281588984
633,0.05652467133023364,0.07797350966151011,0.3251427534315218,0.3857331608566164,0.15462590472011792
1573,0.19435884976279078,0.2191987950756526,0.14779496649928403,0.24777356533173425,0.19087382333053846
1858,0.11123598652410971,0.41091156347548274,0.07078614916957005,0.3839423910576702,0.023123909773167212
731,0.29810197557615054,0.2521549270159611,0.19918921556391916,0.2170275387616074,0.033526343082361694
522,0.12125614650384103,0.3001187498425839,0.14469269934065637,0.15987766288832692,0.2740547414245919
1915,0.18646758668771551,0.21085083048497472,0.31073643701198317,0.06059517035853822,0.23134997545678823
79,0.1375393540578931,0.002334905886602704,0.6075108921187972,0.22065782658597421,0.0319570213507327
674,0.046707844361013426,0.26332706995366245,0.16971831190126663,0.08139845918788062,0.4388483145961769
77,0.06937220851687767,0.21316612247183664,0.23037630258086644,0.2849276409670531,0.2021577254633662
2091,0.18015207436716013,0.39841308445415635,0.0940401789442716,0.2786458455746692,0.0487488166597426
1172,0.410628594492701,0.16173027162452347,0.15346420258686438,0.024767962170240677,0.24940896912567034
233,0.23907533741632953,0.22243396412680944,0.2413256242511943,0.17011421257687714,0.1270508616287896
1385,0.2082859258883181,0.1674300725575719,0.17922362794577146,0.23310892576866765,0.2119514478396709
570,0.34057616674644203,0.3382463398785016,0.0018270823882161247,0.06319912639008517,0.25615128459675496
1713,0.16900573555324255,0.30821075320362007,0.07707327030519161,0.38686509670661184,0.05884514423133391
1140,0.004135389544227081,0.40330591506133306,0.26386519440444633,0.2369410858130848,0.09175241517690873
1032,0.3941038299901458,0.24558861253522815,0.22297472221162642,0.007796685921875431,0.12953614934112395
735,0.02727428849405237,0.04864103989636919,0.2381298547156475,0.388324834658905,0.29762998223502596
880,0.05637651912617716,0.30841578560801813,0.14830226166762964,0.18506835383028664,0.3018370797678883
1675,0.32014589837658863,0.34743555294131834,0.1298050911908739,0.07432504495504276,0.12828841253617634
58,0.22563861599867874,0.22323437576347852,0.27449606484571104,0.08713560390290763,0.18949533948922404
39,0.4186676851871333,0.0626829880673696,0.04367961738469352,0.4460298710789777,0.028939838281825895
616,0.2875778135545241,0.23009901865702595,0.24741589047859677,0.02797509089529024,0.20693218641456296
1429,0.09102118193954573,0.3327284059137079,0.23654916952521948,0.1770183683214296,0.16268287430009715
1228,0.03992128278357918,0.2867622993673162,0.19930208673660121,0.1871707742635211,0.2868435568489822
363,0.13310032111846823,0.15900043785765003,0.40770794740059,0.13222190804127248,0.16796938558201913
594,0.014414096996550782,0.09751036704344633,0.2749121486944467,0.2864429912024079,0.3267203960631483
425,0.38745536128500285,0.01200597406233325,0.16505706059310624,0.026110762764623,0.40937084129493456
1835,0.39760326850011735,0.32808304052154225,0.039058347396911997,0.10495275197732025,0.13030259160410818
1998,0.03226580248207193,0.1803416731079401,0.15612414574502195,0.25579698610096646,0.3754713925639995
2211,0.19664214762957463,0.2838866370693452,0.4732532317020853,0.02052906585721472,0.02568891774178009
2340,0.2613091547430229,0.0028056212375673017,0.3651513270823726,0.1699755499845075,0.2007583469525298
489,0.15855714404858395,0.27103650882033414,0.1402648980439701,0.17239855681559174,0.25774289227152
183,0.23527270258810334,0.13948638866139978,0.16050914787954249,0.2309702819325572,0.2337614789383971
378,0.03113328396156142,0.2438054841880897,0.253227745840064,0.21102486294995065,0.26080862306033425
2087,0.21450288563823994,0.13466342573010184,0.35358788875133307,0.17989305209526688,0.11735274778505835
128,0.26481563722969026,0.3419498386645249,0.17383124684027035,0.11643486066046664,0.1029684166050479
964,0.3413006221428598,0.2826983996586121,0.04455044016212902,0.012364769688651092,0.31908576834774793
1484,0.39986734714529326,0.08560192218869106,0.1588491906555902,0.2067840881809738,0.1488974518294517
1100,0.2343684600580864,0.049539015529373814,0.15573060567943742,0.16237795420570425,0.39798396452739826
2502,0.26898787572583216,0.02863926517120907,0.22362777387510668,0.13507380495377685,0.3436712802740751
2308,0.07210431182019007,0.05927447884422806,0.07326430696791614,0.6234666446661978,0.1718902577014679
585,0.13255101838241234,0.20442026549984382,0.21992183851130886,0.23472036670005608,0.20838651090637889
2022,0.12587169427621267,0.2801843949902532,0.23291683516477862,0.13878268861320078,0.22224438695555476
446,0.4391096718026356,0.058256507046227424,0.03906048074978672,0.2401723395822316,0.22340100081911876
2049,0.0009152765341873583,0.1977221518769265,0.025554133095539132,0.28106783523017415,0.49474060326317293
1694,0.3596376648605127,0.13918015856799476,0.11496196490600871,0.38080515251200064,0.005415059153483113
2200,0.2726874058347936,0.27212716676617155,0.30391705307566425,0.08126343393327468,0.07000494039009593
354,0.36953209516400276,0.13603269560530135,0.22794358975656728,0.21532983060509067,0.051161788869038057
1203,0.10515870013039366,0.2110179468490892,0.16567031892971398,0.271763181894928,0.2463898521958752
798,0.2722203097464327,0.19344232793199068,0.2652341622311813,0.05483578026436519,0.21426741982603012
432,0.10276193952791227,0.3229892713450741,0.3098762078444991,0.2615688236086912,0.002803757673823101
1395,0.2548170915247623,0.35351004110088563,0.06472621540164433,0.12210537504006211,0.20484127693264564
1907,0.3091053423545716,0.09068542274329906,0.35658218007898196,0.03123610325428439,0.21239095156886292
2255,0.42399295450263635,0.09419939629476345,0.35688508417501746,0.07931456738061486,0.045607997646967866
634,0.2753593674221091,0.26521055587462333,0.21658755850898476,0.16790417183449735,0.07493834635978547
869,0.07961553245742257,0.2714945169141631,0.1576276923952219,0.25636878001367197,0.2348934782195205
461,0.09812263734330468,0.3209226675357803,0.2000529401624114,0.2857525687577795,0.09514918620072417
595,0.18532848508762137,0.06845702848809028,0.3536950905166918,0.017345976561599582,0.37517341934599696
1750,0.3314773017581357,0.26639450868874504,0.041848785921840236,0.1939313570411797,0.16634804659009933
618,0.2188702364903093,0.0903022192313614,0.2982612839212813,0.031042304429235043,0.36152395592781295
1390,0.20071011623578053,0.19620225097617952,0.3980844325327832,0.034509182153338855,0.17049401810191792
1509,0.31378250267746666,0.31592768599644655,0.18398422658486388,0.034025059644774584,0.15228052509644835
790,0.15817805201131274,0.19743971164468035,0.2842838157801072,0.03823992778827898,0.32185849277562073
490,0.2838870929271331,0.11271169499292875,0.19336858888481817,0.28992710743305233,0.12010551576206774
1129,0.27960386794096437,0.08619968418185361,0.20619326651028308,0.25885607567499463,0.1691471056919044
237,0.04505447549348742,0.10879808054665759,0.2387302440508058,0.3699133266252314,0.23750387328381778
65,0.32479001810521774,0.2862931370414079,0.17294122297641976,0.11313152143157992,0.10284410044537466
1668,0.39615714192475354,0.062082736718383116,0.01808237438816672,0.33378362377031073,0.1898941231983859
941,0.2763716480701839,0.06829720748012053,0.2741448270473837,0.20751736611725258,0.17366895128505933
2476,0.36177812405598414,0.04149305238046803,0.06025697773237558,0.37272241157454494,0.16374943425662716
1514,0.05023015736606038,0.21298079838445624,0.39042193377957846,0.08606555308199941,0.2603015573879054
278,0.1448604605608172,0.2764441048758521,0.16968759161489988,0.022456239361330815,0.3865516035871001
1282,0.20410205823415714,0.18667032396307023,0.011080869295222121,0.3054879921323189,0.29265875637523164
1793,0.4128386758600844,0.08584069687806906,0.3267621120255206,0.03891303001521672,0.1356454852211093
123,0.05027043452968444,0.2893661338238436,0.0403132120055166,0.3238440070250938,0.2962062126158615
1464,0.39022693871738534,0.07271728745198623,0.1415886046170655,0.34077067421550705,0.05469649499805583
827,0.07283927210003799,0.34472644653157414,0.12954766148674116,0.32274908817829767,0.1301375317033491
1695,0.17987102583211434,0.29344043228091365,0.18137449236850842,0.3015083690932043,0.04380568042525922
879,0.2455440328866042,0.28081394797624976,0.20960982926824204,0.1675027307540444,0.09652945911485954
1523,0.11261764323440467,0.18867788988928466,0.24571902778865953,0.1154938531835007,0.3374915859041504
969,0.31312703365959704,0.2768000643232547,0.39455093347229736,0.0011873857750349264,0.014334582769816029
660,0.032791850461668236,0.20920608742493255,0.020740398360394725,0.36598665354549603,0.37127501020750836
2416,0.226896730683903,0.2061504114570604,0.0801630219491152,0.18473842815562,0.3020514077543012
78,0.254185336112456,0.19134756675900008,0.28991528707638525,0.08083159954150224,0.18372021051065635
1988,0.21894826938633538,0.20752731898945603,0.22078203298905932,0.03736833773527307,0.31537404089987625
1422,0.30643114197006144,0.33608752513433676,0.05145105265033307,0.24569433965734822,0.06033594058792052
714,0.19373605127050508,0.2596110464338262,0.14260331901653625,0.19575743513113392,0.20829214814799848
1911,0.0866753333097632,0.30022231566931945,0.10484250117203237,0.16454716111096937,0.3437126887379156
736,0.2858005427440589,0.17606500505766925,0.2582845488734392,0.24742996180440643,0.032419941520426133
2042,0.2746207065104342,0.292794346199804,0.06654259705342826,0.10452704244986195,0.2615153077864716
936,0.18681201158176708,0.08399186463585118,0.08007339765141802,0.5124351349051014,0.13668759122586238
1615,0.14030894861217993,0.3958095720714283,0.30722820560061087,0.15000539574438265,0.006647877971398213
1729,0.3479502452776948,0.15865485812307945,0.016699620740907972,0.34931341551488043,0.12738186034343726
2486,0.2597545487100235,0.23607441511404784,0.1688367984736112,0.2314931919603333,0.10384104574198422
624,0.13965812699265012,0.07557802316122647,0.21504008262782717,0.32708356107699904,0.2426402061412972
601,0.26062344697434964,0.2520852418743849,0.2958298566383113,0.09172730675875126,0.09973414775420292
2437,0.4015992501905585,0.3408179179405023,0.08172893534447075,0.126891889356059,0.04896200716840945
441,0.31870950445235646,0.04011899349572039,0.10338753489324598,0.24066883596261496,0.2971151311960622
2484,0.04269441721248939,0.28750595717395805,0.2458089368404832,0.16121313093553855,0.2627775578375307
1209,0.1764728012630457,0.22386879437258028,0.07591669147818189,0.1459449804143412,0.3777967324718508
117,0.2660857492079493,0.27609400229349235,0.05081895671211839,0.018849988098283962,0.3881513036881559
884,0.0053417820770779315,0.15623605053532905,0.1790659980059832,0.32559033200047777,0.333765837381132
1259,0.3012332725731064,0.0608426544420685,0.3853793396749853,0.21336687367649557,0.039177859633344386
1682,0.07645460033840273,0.292782867629245,0.23692699509486792,0.11398066450540244,0.2798548724320819
1374,0.17291853944416094,0.1762610868935481,0.2475018922113931,0.22091790389969457,0.18240057755120323
358,0.3133820938296442,0.06695953059333587,0.3144712906709305,0.047399373273864155,0.25778771163222525
1449,0.17800943417338966,0.2622569826118533,0.2028065804217512,0.17763490129367693,0.17929210149932892
2178,0.24220111148909484,0.056060685047741435,0.21208699005508852,0.3142560584830161,0.1753951549250591
676,0.016347448696963193,0.3324373153470784,0.06411654949467803,0.3684177128933049,0.21868097356797556
1718,0.07076632729534545,0.30093530133772106,0.3998579165807084,0.08507670367306955,0.14336375111315564
21,0.3341766145906013,0.12496654654059533,0.1072540940025687,0.2780291940538317,0.15557355081240315
640,0.1183988108911205,0.4766520222479474,0.08241284715520186,0.2474816438185371,0.07505467588719315
897,0.09567667156674205,0.12322060752408087,0.2517029264363416,0.210610224338738,0.3187895701340975
252,0.13443800475077758,0.145063533320723,0.192672742722398,0.2559316728990214,0.2718940463070799
569,0.2786790071966531,0.35576742565296465,0.3375517968643472,0.011119153221307663,0.01688261706472744
1597,0.2730806196819386,0.0388381821444715,0.24361871872950924,0.4234055564426067,0.02105692300147423
1017,0.00868953091351896,0.2930156019474971,0.5005465787212023,0.0786238440210469,0.11912444439673492
821,0.2695536566683458,0.40987853517334233,0.1549843495876402,0.08838438287058163,0.07719907570009008
1864,0.16542300876019164,0.2560328504587405,0.292853346583115,0.24687634883215998,0.038814445365792906
2033,0.03108195171821869,0.14427555581654056,0.452458048438692,0.18584652060623752,0.18633792342031122
2064,0.19558998146672946,0.2822999863368355,0.0204959131561122,0.2848372071202612,0.21677691192006157
1948,0.4423514524047101,0.330819169682597,0.030248434735308753,0.19305465309400638,0.0035262900833777848
1501,0.22704469612522904,0.2647929775930123,0.09583111587493073,0.17139008997858649,0.24094112042824142
353,0.05708345743923347,0.13308171572304436,0.1115804389657842,0.3607636729919965,0.3374907148799415
222,0.3539391185937358,0.12148405214019233,0.20041075296750374,0.09014892992474154,0.2340171463738266
1738,0.4942626771952884,0.07830093591980203,0.020150064531641573,0.15353001187797374,0.2537563104752942
2454,0.4798884029064867,0.0765081489568944,0.1563385257116665,0.05646622522268666,0.23079869720226573
2373,0.06855667741338262,0.2894902990657887,0.31727792923743314,0.021092095724192097,0.30358299855920357
1823,0.29763960115398896,0.19923823582406536,0.2648210432860611,0.13438594753010885,0.10391517220577585
1676,0.3742565570906336,0.26036621636326385,0.12573814759403484,0.15560979502108588,0.08402928393098179
2500,0.376780589963866,0.2647910862631993,0.15885240474379148,0.00415349644878024,0.19542242258036316
1721,0.31481222902653233,0.032344415710424464,0.29132978827586953,0.14294314878337475,0.21857041820379902
874,0.2463756788312744,0.25702431230861417,0.15899719587822783,0.2686869480220582,0.06891586495982543
2214,0.3168399172709147,0.10950847442705408,0.1950937465336948,0.16573858498926175,0.21281927677907475
1963,0.2732647629418902,0.16975348265937068,0.26443250679653013,0.08025281867596762,0.21229642892624126
1497,0.22523333742784882,0.23000023031902653,0.15701501738419676,0.15502029615594387,0.232731118712984
2258,0.21164262650246676,0.06282582438195224,0.13821710878856105,0.12152892451753479,0.4657855158094852
1018,0.04668242919945244,0.19527216782604445,0.29309408467523096,0.13562495357275295,0.32932636472651916
1099,0.1405199219557467,0.21283914810824506,0.21192851507553837,0.3423856744148455,0.0923267404456244
912,0.17055369323785527,0.163152010009464,0.2589200396519864,0.2437089705891635,0.1636652865115308
1521,0.27628486402435165,0.0029181969367770245,0.19123649037206816,0.15444604716789725,0.37511440149890585
1794,0.1277416048335685,0.264560534036171,0.20875622511018951,0.3119440891539111,0.08699754686615997
6,0.21298245051536172,0.03077507682221461,0.26074764359434455,0.2873729969319044,0.20812183213617463
1475,0.19330436084934147,0.19700344157150082,0.0035120090959473546,0.3043658949112615,0.3018142935719489
786,0.24086180456365391,0.2013703215481438,0.24891261459203795,0.17036630300498787,0.13848895629117652
2185,0.02994684336223181,0.28642987306772716,0.3630930247863455,0.24917088600764817,0.07135937277604751
2485,0.26594479520336406,0.27282033253669496,0.03211252000925755,0.16540706251844586,0.2637152897322376
818,0.165964048419665,0.19664040134563038,0.2217651373037444,0.2467571240733272,0.16887328885763297
486,0.26394934294112793,0.017173574685177783,0.36405786373657545,0.013437780989827432,0.34138143764729134
369,0.18397766431258863,0.28427353004446576,0.30481956230100804,0.12534788173508862,0.10158136160684894
768,0.03928733448896934,0.2622953367436077,0.34511187035428126,0.27957393415373977,0.07373152425940187
2127,0.17862819947217273,0.19746773732329947,0.31123779911608673,0.16481828411908317,0.14784797996935786
1371,0.21395462797204645,0.04761598844289517,0.31917246585294407,0.11153428154712337,0.3077226361849909
533,0.007496192942293628,0.2852068719463926,0.2592273556410592,0.31167407795245,0.13639550151780455
1836,0.28029364648729227,0.11417220602420944,0.2321486924399679,0.2489573720266184,0.12442808302191197
1799,0.1968403371482396,0.4502150130204625,0.23115916130280934,0.0592603822003235,0.06252510632816496
192,0.010287080191486081,0.35430794084556644,0.3394912817382911,0.28990500768705574,0.006008689537600624
492,0.23537861606371208,0.24509473449750632,0.17859302556967968,0.04979987516211181,0.2911337487069902
2250,0.22034190628887096,0.5095533679197198,0.07003867508674055,0.11519016074329344,0.08487588996137518
440,0.24610187687936913,0.17083617670888301,0.1816117241111686,0.0038178761081084896,0.39763234619247073
398,0.28663995812611454,0.18418060128828737,0.12831283628800091,0.24475985373139078,0.15610675056620624
686,0.09957855231063975,0.3540719511587168,0.07575731468607905,0.07631900280065161,0.3942731790439129
1404,0.12364961225755158,0.22860654121037552,0.1793757556956517,0.23714630233127004,0.23122178850515113
226,0.2716115025706356,0.21248063908426615,0.027154315710196015,0.24114062244671466,0.2476129201881875
2338,0.4415161268510517,0.33927457300895614,0.02898878145843522,0.12827880605239142,0.06194171262916561
811,0.012909250333584527,0.29676844661699536,0.17395140046306873,0.14003982730116313,0.3763310752851884
750,0.1388507542472435,0.1921088365758067,0.08484899814171923,0.29239850241325915,0.29179290862197144
1476,0.33420981794169785,0.038229608824050104,0.34064129822997197,0.08151228973869441,0.20540698526558587
2105,0.2945477750910718,0.23027080108925518,0.30060898143918,0.10255125531821731,0.07202118706227559
238,0.1565698352186917,0.18316453770757582,0.28502260510697264,0.12142656753650406,0.25381645443025597
195,0.3559890157971147,0.34324630903092807,0.09974048888615288,0.049434469383266434,0.15158971690253795
2316,0.04468172603113895,0.311201196806721,0.1640724232760522,0.24014118658715605,0.23990346729893175
2104,0.19505354951763626,0.30093443141223825,0.16336904326486665,0.20289872571611328,0.1377442500891455
244,0.22694989824221704,0.34403682862571044,0.18276929081149945,0.10204214906955562,0.1442018332510175
2095,0.20184671370442114,0.1275280427827657,0.10573299247425304,0.2902488226494842,0.2746434283890759
532,0.022636569107393482,0.2674454704145182,0.3094759931214657,0.03461717513069189,0.3658247922259307
2075,0.07880554150300266,0.3325020829139971,0.2083005765410933,0.06961625483495351,0.31077554420695336
174,0.3051995723880527,0.189954416722303,0.327760228580399,0.02815946392577411,0.1489263183834712
1053,0.10911181641127148,0.09480338292643539,0.3071057617963621,0.2757868724235,0.21319216644243105
1315,0.1584481443352818,0.11503928055455753,0.24703932571888126,0.00886247410152819,0.4706107752897512
1661,0.20750322416894718,0.21755680788691525,0.17453514672306095,0.35560284089088673,0.0448019803301899
743,0.24889198706820553,0.2866882083372568,0.0843873705536074,0.12874074429073817,0.25129168975019206
1398,0.31677973791770364,0.16130988444698452,0.12723258668814563,0.08157703823344992,0.3131007527137163
5,0.4400934927894126,0.000532398479792472,0.057340003686206245,0.37386101262322635,0.1281730924213623
2459,0.18965543937908047,0.19753802063154882,0.1336606546443571,0.24450540680304586,0.2346404785419677
1810,0.34355582247494354,0.27702922664585145,0.001969087102993243,0.371396862963752,0.006049000812459748
824,0.21271482435068637,0.20505947701400679,0.16077850102184554,0.09682070125520625,0.324626496358255
1986,0.29280485288674996,0.1548542311606226,0.12582773685365578,0.11822378808950579,0.3082893910094659
103,0.2777570191703606,0.25688450366490434,0.1757035031198855,0.013057284193950677,0.2765976898508989
272,0.25832573625215505,0.20956997150311119,0.13330334638066568,0.257013716689634,0.14178722917443407
1408,0.3265162906610258,0.17667974007534362,0.302098119679842,0.12486485145871289,0.06984099812507544
273,0.11301961179044681,0.3523664005894429,0.36334756752551856,0.046675746891587724,0.12459067320300385
308,0.2244923951806859,0.2344298176461912,0.26951138979562156,0.13434254645460972,0.1372238509228916
1230,0.08358336505498976,0.16060040934211225,0.42993330586283646,0.03635312584334781,0.28952979389671385
1420,0.11016166559415666,0.4844397236283117,0.15557035496756091,0.2459997516272831,0.003828504182687657
2148,0.18310878954776694,0.20369350640761763,0.21944802936003407,0.17501989828045666,0.21872977640412458
1606,0.06620027379405187,0.08989213555572045,0.09955792977692306,0.3599059217179097,0.3844437391553949
2306,0.406293856989164,0.04153484511843157,0.3118673359798868,0.043414513063435106,0.19688944884908255
1455,0.0947527600345528,0.285026282800016,0.30132554891224256,0.08989062746457085,0.22900478078861763
2039,0.2999956439839521,0.3369410378324191,0.08486205743573356,0.2196975907870635,0.05850366996083159
2360,0.5032637141195908,0.042146884763386,0.10568910945639541,0.3366122186147479,0.012288073045879946
806,0.23550198670930736,0.2554169520906471,0.2720324752444535,0.14639459130158242,0.09065399465400983
1918,0.3029018804473668,0.08482812751484067,0.1543074121627885,0.16631527284208836,0.2916473070329157
495,0.032851742612301914,0.3237813077979507,0.3100212280938951,0.31528144811801034,0.018064273377841916
2053,0.057785998853001994,0.3512177987786582,0.20742531404163403,0.36888801578531505,0.014682872541390805
1394,0.27466073914424727,0.2560139196452518,0.2797031985888434,0.1102775739080823,0.07934456871357537
514,0.16950854605304486,0.15498302841697378,0.24312395615686733,0.31782197311955795,0.1145624962535559
393,0.20129233459265303,0.11288576545699516,0.35259856918350363,0.007311088521109485,0.3259122422457388
599,0.10400397987719036,0.20707944728002112,0.06640130747727731,0.4716795575972283,0.15083570776828298
840,0.06262865162693267,0.20252529634306066,0.19172793289045909,0.1425727762411362,0.40054534289841126
320,0.3339540149463897,0.34488840367630613,0.07321287188560964,0.08050625324768977,0.1674384562440046
1830,0.10249929094787918,0.2652254661515339,0.37310508247355706,0.19262141959641743,0.06654874083061238
796,0.33484303802725657,0.01581335918263995,0.320098329612676,0.25740244481877655,0.07184282835865113
1366,0.4204516762600006,0.23545403561286893,0.060845586446946986,0.029944735706040337,0.2533039659741432
853,0.2697886123943973,0.28837130669313793,0.04316277059548017,0.12600772427490714,0.2726695860420776
701,0.17994465132553492,0.20801277247832448,0.09518441015791335,0.30384651772211657,0.21301164831611072
389,0.05312952258665754,0.2564350170725912,0.4765348256061031,0.03797876333896451,0.17592187139568363
1770,0.27360845409796325,0.13866967813100176,0.2976384534371643,0.04387469733158204,0.24620871700228866
917,0.23892328271719807,0.11489731640672614,0.09026463444561739,0.14678423138657742,0.40913053504388097
2422,0.26359772669404574,0.44639416682099814,0.10537572263695176,0.12782275881949512,0.05680962502850919
2059,0.17369694691814808,0.10719046532158331,0.2620672237209775,0.2829726899389787,0.17407267410031244
531,0.20560870166949724,0.022060128966102408,0.26995268279450746,0.25623373780982484,0.24614474876006795
218,0.388804005022124,0.08373537429632122,0.08599223085977513,0.3137834867250334,0.12768490309674624
1437,0.28622903763306246,0.23604731744171875,0.04594658912946671,0.34637249469757664,0.08540456109817547
2117,0.2583404774913922,0.01899555271756487,0.2678952154813448,0.21112395090075287,0.24364480340894526
958,0.04999874177765091,0.32301083002052117,0.190899195424722,0.19885333472118452,0.2372378980559214
1195,0.004991319431656126,0.025857684512029376,0.05008701258903641,0.43649814046498975,0.4825658430022883
1441,0.5501346814388458,0.045521739545125214,0.019436993500913637,0.2843554871367159,0.10055109837839939
829,0.2573537675877471,0.24501489485860217,0.07212340781523645,0.09561435891571832,0.329893570822696
403,0.09976229122148669,0.1304563979838605,0.13803502371704612,0.36516093895675356,0.2665853481208531
487,0.2498980522142148,0.1543168773782238,0.1755689265347781,0.21818781145039134,0.2020283324223919
2311,0.11771227670138197,0.2781417056211574,0.2604760455861924,0.23968838541862195,0.10398158667264619
1943,0.1838728567288275,0.2406070785135082,0.30134795352262744,0.0017732129047059641,0.2723988983303308
2089,0.3849950381862838,0.4028317833607222,0.07030900689039303,0.13427548289744545,0.007588688665155675
1320,0.12159107765477442,0.11950751488795926,0.24807320292070878,0.3338857603762197,0.176942444160338
1267,0.10255629536055665,0.2598387807179694,0.14366484038327287,0.29188877956020476,0.20205130397799637
1271,0.1995331378645855,0.02056431877705729,0.19741710109280786,0.36811127872236676,0.21437416354318262
2130,0.2221870406516312,0.17190442491924496,0.24977761630698406,0.07795052098850737,0.27818039713363246
2070,0.11333412979598628,0.32098231654198367,0.07389703655661953,0.18243341630613352,0.3093531007992771
1246,0.22002636395606048,0.13703147504262891,0.1427215673265525,0.27498295867208267,0.22523763500267527
515,0.11632895423910623,0.23266447668132204,0.1651027856087312,0.2461620131246319,0.23974177034620875
291,0.18938538436461003,0.33708136673376204,0.22028603876714012,0.028119533086876366,0.22512767704761144
1716,0.18864392035814634,0.24381655936602392,0.1535607374470238,0.11201366146040498,0.30196512136840087
1036,0.017230400084367162,0.2039242843389143,0.3402149288191001,0.17980096364688808,0.2588294231107304
1123,0.08628444905346928,0.366634747787908,0.02588606989099624,0.48574024244777425,0.0354544908198523
1568,0.1014124680135145,0.12476076943880224,0.2714166639860911,0.21050583672214607,0.29190426183944607
1354,0.09405296459304882,0.27226435438609586,0.2993221975409857,0.10015792948962804,0.23420255399024148
2365,0.11969220320879581,0.2232138861605203,0.18760845998550382,0.23588425026370174,0.23360120038147825
932,0.1768867156523546,0.12228715548039373,0.14865634404813455,0.21847426994191926,0.3336955148771979
1680,0.3335733106054713,0.2194074297427501,0.21838673871331957,0.0019789780405334943,0.2266535428979255
0,0.22128347111721147,0.29532618254020715,0.20226410787874916,0.1063738739745097,0.17475236448932244
366,0.1440660715188157,0.3482323029040077,0.128852978061495,0.11485328296290913,0.2639953645527725
331,0.10571269799033685,0.31755581701658364,0.32551811092506766,0.22796240646358915,0.023250967604422787
231,0.23914082520494254,0.2707169114369669,0.1462829998273222,0.11970499235251887,0.22415427117824935
665,0.2332628569949482,0.11966419547468399,0.18496440504989067,0.2362482890174275,0.22586025346304975
1741,0.2836891120967767,0.28516234514882965,0.16057524005400925,0.23556057496410918,0.03501272773627508
1856,0.2843803766436074,0.1577868836600977,0.2901009020753118,0.061938868849721794,0.2057929687712614
1139,0.369251487020646,0.1003553666751684,0.1513697164484677,0.03324397281534902,0.345779457040369
119,0.12515871449357302,0.2602208982842886,0.11787298868643489,0.1262315917831864,0.370515806752517
805,0.2509967790197626,0.09291869643099879,0.26105191137959965,0.3261656284722785,0.06886698469736044
2495,0.2787136709965168,0.1448017225377117,0.2194743326711678,0.2609810961485461,0.09602917764605773
1921,0.13841429553242177,0.29483451178293296,0.14995505080949323,0.22862525430837774,0.18817088756677428
508,0.105492262533566,0.23728217118915423,0.22697459452892702,0.299965743569802,0.13028522817855068
1572,0.03431621216693877,0.2672234243207498,0.28746500246929796,0.209945644642181,0.20104971640083255
1182,0.2511991708704735,0.16733810332089336,0.317064806607902,0.15368103436702044,0.11071688483371064
2055,0.19236920711978947,0.12665282216954082,0.05005767333228884,0.4245428914609047,0.2063774059174761
137,0.3342749045065993,0.3718754265916404,0.026853689557108127,0.15912324225177715,0.10787273709287505
2435,0.16528641551453574,0.10396566109708544,0.2180490879115112,0.2897880538356072,0.2229107816412605
571,0.14880315766475793,0.10258368225334423,0.4978107795921292,0.06903238184478158,0.18176999864498702
882,0.05843142500294921,0.44771098390528913,0.4090144306882197,0.038123259411505024,0.04671990099203703
2394,0.19027536033159115,0.141868882132949,0.01628177869755092,0.28668827802063296,0.3648857008172761
779,0.22644234918943285,0.08653429743917673,0.30549279831433296,0.32536293908599945,0.05616761597105802
1052,0.35389916428112106,0.23656215397448607,0.3079194788507523,0.05830792888166267,0.04331127401197786
2249,0.1540573558496336,0.03536295469053312,0.32814947793478744,0.27964098611996374,0.20278922540508204
187,0.2015621545059385,0.322680400116926,0.3635173161972136,0.10686772634915244,0.005372402830769639
433,0.405498862961415,0.11115638342185312,0.09998986619427726,0.3746550543607585,0.008699833061696126
1022,0.27855522200085214,0.024720918880832644,0.296849473125919,0.3386316603200638,0.0612427256723324
1299,0.11424664455414149,0.15426458451767797,0.2718667263905925,0.29136992324430583,0.16825212129328215
2110,0.11823173178712487,0.18999806867751834,0.5137217571331716,0.03005693319327851,0.14799150920890664
2327,0.35021115574027833,0.038980270836543415,0.4038695067521728,0.17829372661351026,0.028645340057495274
2341,0.25200857223187983,0.07215956496979435,0.25524296996095586,0.06804033439611377,0.35254855844125615
1276,0.18789252444624216,0.24395453635857814,0.026488987671454755,0.27350398168966156,0.26815996983406337
387,0.05400785040773367,0.20508484143283487,0.26807529604447106,0.01175653598231161,0.46107547613264876
1852,0.10933961079933675,0.19035752512341295,0.3216586991478602,0.19059464971643636,0.18804951521295374
1798,0.3650516981983949,0.12682786380235936,0.2355209442178565,0.0034485821106020704,0.2691509116707872
982,0.2702618303551294,0.40225720175200613,0.15223368299886775,0.1503405066396543,0.024906778254342364
915,0.07180588498721485,0.13523223283922925,0.3416435193918798,0.1386206416957304,0.31269772108594557
456,0.16249113194313386,0.453176125782223,0.21768719607337045,0.01682887064679881,0.14981667555447398
145,0.055845171666434136,0.27861396772556946,0.3163879188956531,0.08191367946075837,0.267239262251585
2092,0.36653957150607025,0.11797130368246168,0.24095983996336987,0.04446940340041503,0.2300598814476831
1801,0.3210236669121576,0.02421785891672956,0.13074521002366668,0.25339929531936134,0.2706139688280847
885,0.3130873988436758,0.1457407425644868,0.11610014579172334,0.2763715178707288,0.14870019492938535
1151,0.24952916588172566,0.2160986887746783,0.14561712335211874,0.20888170549005908,0.17987331650141836
1355,0.10338621130843857,0.0715575624630762,0.3978269263253125,0.005999616786603259,0.42122968311656955
2021,0.32381064138778315,0.31100724170130595,0.08293016477873269,0.1965115952737142,0.08574035685846412
1002,0.24203990299211794,0.37107445461289135,0.09132822253738462,0.2359051726004106,0.059652247257195555
1625,0.35049900128505906,0.25199841371826825,0.08781594160763456,0.12361940271703317,0.186067240672005
755,0.1477538734198176,0.42375281113365104,0.1877688420330818,0.1639702737544364,0.07675419965901314
1306,0.24707965013212538,0.26713442332381243,0.26611523229709966,0.20835332725007885,0.011317366996883562
2175,0.15794756047635275,0.07493128608262091,0.24643776932825726,0.2814430159893782,0.2392403681233908
1929,0.3669890995001394,0.3611283577073932,0.028717256190305306,0.21670647599858092,0.026458810603581143
846,0.2835855095329739,0.038988810284607274,0.25223881779103174,0.20596211891775246,0.21922474347363466
1632,0.07140996998351506,0.3601409303288625,0.33591817852900874,0.08383724879158196,0.1486936723670316
1313,0.21555215897907518,0.18700854167572015,0.2575009849307512,0.226199506076669,0.11373880833778462
1985,0.1253972046005644,0.2231962979041614,0.3410681525848466,0.25613412334986396,0.05420422156056376
1234,0.11980903885533016,0.2479965573744526,0.1286407830649921,0.23818908445127382,0.26536453625395134
1512,0.1663180096589097,0.36796615950719563,0.02752533609776069,0.2950193499749034,0.14317114476123047
153,0.22911012353377253,0.15172961730490522,0.08760487078198409,0.2798093860591891,0.251746002320149
1833,0.06966151816402028,0.16940820656964126,0.26712665651776624,0.08658322088298091,0.40722039786559133
99,0.3223385399908734,0.0674737863951695,0.11584356104632443,0.4927502355413093,0.0015938770263233186
2463,0.17880127266606416,0.12574808213641428,0.3315806509864541,0.1766115313030286,0.1872584629080388
1382,0.0497237587830077,0.3710780449718615,0.16074871623461198,0.05021554500703336,0.3682339350034854
1066,0.21138198545472361,0.21959828900134182,0.2516675031725821,0.25057285448841604,0.06677936788293655
909,0.10693189104617902,0.17987948943253623,0.142590791100263,0.3506342261891605,0.2199636022318613
4,0.13271179147612408,0.0038698089616263304,0.3206371544983496,0.2053757982883509,0.33740544677554907
712,0.22679633798732096,0.20522391767385909,0.20014299862665783,0.29986493514450446,0.0679718105676577
76,0.03126678775539613,0.17410617623860605,0.13340994782739352,0.3847140697093397,0.2765030184692647
2262,0.12691979387026484,0.2988329449074299,0.2607308660957964,0.13168347699300592,0.18183291813350289
1097,0.03719726204673217,0.4123420924271342,0.3715336037259962,0.07743656793078274,0.10149047386935457
1392,0.30948183686498276,0.015085306151095476,0.13937155632174494,0.1097715803124158,0.42628972034976104
1786,0.011039744825691294,0.3175103831361523,0.12609163788829994,0.25309082908086716,0.29226740506898935
2460,0.027094721356456093,0.22279176859233632,0.1288039933224474,0.07656229203673698,0.5447472246920233
1896,0.1422369026310895,0.29924582511590075,0.2739339379707281,0.14874092433760258,0.13584240994467886
295,0.20275138744597493,0.15427094898346763,0.23762762264132015,0.2269911623470669,0.17835887858217034
1571,0.079820661624981,0.32681840288559755,0.2978602251586292,0.2484968650272442,0.047003845303548
858,0.487854932026234,0.1892104155142673,0.05072776769473747,0.11084740588353216,0.16135947888122915
1258,0.25704865718064485,0.2812682667093897,0.09953805755749572,0.18154007934702257,0.18060493920544726
828,0.057895625252512045,0.2520937640831108,0.20036374847938132,0.1623398964944084,0.3273069656905873
2194,0.025917070441182664,0.2241063358798763,0.03276830553144628,0.4625389343492086,0.2546693537982861
2238,0.07004786604557241,0.360882480340469,0.1319451237480114,0.1914764545228614,0.24564807534308594
1507,0.1650312354214027,0.006649440939504974,0.05192372601630429,0.5442003273632632,0.2321952702595248
1578,0.2562384413600899,0.19570524220471366,0.24353157699277125,0.07669208408079663,0.2278326553616284
270,0.21300282649178595,0.0911488570351178,0.4174233410205013,0.064646218297543,0.21377875715505193
774,0.10247665698286476,0.3014966002968137,0.003490266688084271,0.16150828953485313,0.43102818649738406
2204,0.27903203386338266,0.018755167937482532,0.26000263757061226,0.14223365889782816,0.29997650173069446
1428,0.3400767217134234,0.2172658078728226,0.05102001539218612,0.09100793746150591,0.30062951756006195
133,0.22720460100620546,0.09844086439150469,0.2718287903293399,0.2773568369765757,0.12516890729637425
2480,0.0012453220412883626,0.2177870988146169,0.2310464267107122,0.32561234823045837,0.22430880420292426
2477,0.17762600713835924,0.29912148223585927,0.1025965876323742,0.147686115885079,0.27296980710832824
2405,0.3131000417783881,0.2622667294751002,0.18656217612601744,0.0748480124362757,0.16322304018421854
799,0.12920219239207884,0.3298506994147415,0.3353828905933989,0.16844449881634319,0.03711971878343766
577,0.008831890852585319,0.11238737168928879,0.09805685767336823,0.3779463725814552,0.40277750720330247
1614,0.20627816103426325,0.26300525481187315,0.22328395951923985,0.2137312454332899,0.0937013792013337
483,0.288816067705647,0.0192587532051961,0.17214443760765724,0.23162052847154174,0.2881602130099579
919,0.10616981104747118,0.2187137438869146,0.14769611933032,0.2721534027053672,0.25526692302992693
265,0.24902118139144422,0.3308208100739233,0.09230554676714503,0.17876392700473184,0.14908853476275555
2321,0.33678500514992193,0.12688051304385603,0.05861763909446239,0.07253211658549756,0.40518472612626205
1711,0.13362782370261073,0.19847436469394644,0.09090396841366728,0.117159332220113,0.4598345109696626
401,0.08372829161936597,0.4880402816642958,0.12242485555603919,0.028870039033594263,0.2769365321267047
1461,0.2597220330946753,0.08991013618500561,0.21169355243407567,0.16004718964810807,0.27862708863813546
1326,0.07711388794709115,0.28816364905074,0.11436411729368133,0.28589873113657155,0.23445961457191594
1302,0.18156456209896016,0.15325468944543547,0.31090523839753825,0.2151289620085799,0.13914654804948617
2390,0.3282134975559113,0.22776511325571194,0.14086907715082517,0.01659786714924874,0.2865544448883028
2098,0.21556603485319098,0.03672266568105384,0.18728305125510514,0.5530235043704933,0.0074047438401568634
1622,0.16504756529748132,0.08584468011540528,0.5430148637095774,0.19245815018368678,0.013634740693849255
248,0.143906139333034,0.14802412898993406,0.005492753678300793,0.26884617140657585,0.4337308065921553
1110,0.17046947329694873,0.18291530632188127,0.02246084001624823,0.31105381674542504,0.3131005636194968
611,0.25517773478852884,0.19198080978013188,0.1481486970760378,0.13060626710086476,0.27408649125443657
734,0.47747124409041275,0.3783448937672895,0.03857701286839263,0.018536260719088808,0.0870705885548163
793,0.2758571116614749,0.1458503662375289,0.1412327638075,0.4037899441158626,0.03326981417763355
2468,0.26731368459115323,0.23692268647530368,0.07634969867403482,0.16138532596164004,0.25802860429786834
1855,0.33742027597207974,0.11772439541760003,0.3305675760467864,0.11671147239928681,0.09757628016424695
1317,0.026328778318755835,0.41316503783698544,0.18147476822300146,0.16356319800191002,0.2154682176193472
2335,0.25285699483295876,0.02720136387984464,0.0678903645443136,0.2544500677248176,0.3976012090180654
452,0.23278382441250653,0.19601201923995112,0.031148365323577763,0.43821475689693973,0.1018410341270251
207,0.2547730389199312,0.19486077428334356,0.17573807187037008,0.047381745447521155,0.32724636947883406
1607,0.08596598651751469,0.06843027282793572,0.23067668664976398,0.101559628460808,0.5133674255439775
1604,0.21996719050988003,0.1818328013732533,0.23563053059364775,0.1449216983136417,0.21764777920957723
263,0.24261293886960447,0.3665372271276349,0.016437782421230583,0.0803955314428968,0.29401652013863333
704,0.04220756712526183,0.1935950067209644,0.24235046476331176,0.33621907031136083,0.18562789107910127
1472,0.11040108211560508,0.2706970306933504,0.052949851050190976,0.41623052532075894,0.1497215108200945
2453,0.12940131806029526,0.23723899969137932,0.17376402582030223,0.23987572578390914,0.21971993064411413
584,0.15528921244703708,0.14969128262195125,0.3177732714057077,0.32868639899475816,0.04855983453054568
2162,0.056048417403986195,0.3003165340403049,0.1728214859117108,0.2301886669900129,0.24062489565398526
1314,0.23380979478588942,0.035636859818357576,0.34866178426736727,0.02284093340402423,0.3590506277243614
856,0.03646879150950617,0.014443662628503494,0.22771307442820282,0.4157179981173882,0.30565647331639934
2318,0.29306853361132545,0.30292617450065384,0.08925212116946182,0.10940358461445944,0.20534958610409945
269,0.3584135646179183,0.15460175663229805,0.1779830063616559,0.0691140043527676,0.23988766803536019
528,0.22623299356312546,0.10686419829908728,0.1734610073692045,0.2738397031769524,0.2196020975916305
842,0.23593462381504277,0.2624957898821438,0.12321984933450629,0.27447705250750704,0.1038726844608003
2,0.16582136612713572,0.31569975502066666,0.03223891424917134,0.176789253626902,0.30945071097612425
1290,0.23183196786544907,0.25164088646026295,0.14038249466595815,0.302253365063327,0.07389128594500284
1651,0.11998198299626012,0.06313896320143474,0.17414646588823413,0.2552896302783121,0.38744295763575887
1603,0.19742651657659482,0.09109745075509415,0.321891457853391,0.27206355280225436,0.11752102201266558
510,0.13665338827607232,0.20793532053597122,0.04634401803098367,0.2875685642119394,0.3214987089450334
844,0.03361993387089709,0.34732595670564115,0.10165168531731099,0.3132631316699359,0.2041392924362148
349,0.23697249723500144,0.34039233999794977,0.09475825957998274,0.2704171581915276,0.05745974499553857
1809,0.2426846739797062,0.23171465744609013,0.1730854356225925,0.2959520972051096,0.056563135746501625
1552,0.11796899268703213,0.2761725675920263,0.056900457211836036,0.2644584420034775,0.28449954050562803
2291,0.21117822238955813,0.1486146635036446,0.17669451652391022,0.2538849912946278,0.20962760628825922
104,0.24371503573163897,0.05937427777113088,0.11541403307139053,0.04454015762065447,0.5369564958051852
1703,0.16562461289282976,0.23352360711829287,0.21283001305110966,0.10258212000152228,0.2854396469362455
2043,0.3184150532952344,0.017073583455344234,0.24016305472773358,0.2551571244083124,0.1691911841133754
182,0.19437729352910266,0.17327842392778972,0.23314186678443916,0.2567520582288501,0.14245035752981833
2208,0.2823025853375555,0.2705504118528653,0.2837712583949882,0.12919507448271084,0.034180669931880084
758,0.22558158769796227,0.20707844582203902,0.2522158292550025,0.13038524165476387,0.18473889557023238
1055,0.12261803048530756,0.22096771726976455,0.23039687681512358,0.24370289773278517,0.18231447769701908
1235,0.2411771375971809,0.13884508759032918,0.17564124106223672,0.14883329167968806,0.29550324207056516
