SNIP,First PCA,Second PCA
rs3737576,-1.2107693976622729,0.5007673142601824
rs7554936,1.3899912555944944,-0.17613545967194918
rs2814778,-1.0856199336518852,0.024948204542708602
rs798443,1.8053090894225736,-0.5403411703699873
rs1876482,-1.1953076541061163,-0.15105086566769016
rs1834619,0.7490701729994528,0.22190268630581056
rs3827760,-1.1578998569357037,1.8653818913504154
rs260690,-0.2650847937956865,0.7259595700579755
rs6754311,-0.16565503892513145,-0.10620952941930678
rs10497191,-0.33228397081143024,-0.06120602305769768
rs12498138,-0.7700771118397908,1.5686746291502733
rs4833103,0.8461691124066444,-0.25249505206863
rs1229984,-0.3537987446818428,-0.5059516682029845
rs3811801,-1.284634805481272,-1.0734764108602037
rs7657799,1.3779632107070279,-0.16896178045988489
rs870347,-1.3314975242188334,0.30651598188946966
rs16891982,0.21320315835069775,0.16404626975970363
rs7722456,-1.2615693679665112,-1.9810512540840635
rs192655,-0.41770826147444884,0.7305954023349726
rs3823159,-1.201941146090534,3.593534650865931
rs917115,-0.48253681869573783,1.4583266399323693
rs1462906,0.3324216149156416,0.3004328408026804
rs6990312,-0.25521144224177683,0.29042014682291817
rs2196051,0.007110413097000279,0.9194097696938752
rs1871534,-1.0645686986486402,-1.6342014725874279
rs3814134,0.6073820819698381,-0.819116752817964
rs4918664,0.20176981346805936,-0.22863087307844884
rs174570,0.03851665392191472,-0.31612613863470074
rs1079597,-0.5818422415424019,0.8608663731092808
rs2238151,1.6449757154016749,0.15627684253511803
rs671,0.25354641355664187,0.3044870995572113
rs7997709,-1.0252166940796341,-0.799998277253504
rs1572018,2.5782078887794326,-0.28777875103147893
rs2166624,0.13209060120460273,-0.1827334100864614
rs7326934,-1.1722339993175024,-1.759825686832023
rs9522149,1.9559138408656072,0.40020933043315043
rs200354,0.11568016697109473,-0.22784163018596637
rs1800414,0.044918019984138025,-0.6434705863568675
rs12913832,1.5094262516453296,0.6801230221566428
rs12439433,-0.04728492268895618,-0.5462749080377651
rs735480,-0.26797095816258903,0.9851954745659759
rs1426654,-1.2252562688444915,1.2339153933145752
rs459920,0.018040106118878046,0.009161455605967622
rs4411548,0.041941826428503914,1.046939359461253
rs2593595,-1.1868549659371723,-1.2112725332492227
rs17642714,-1.2059987526998195,3.8697169914163707
rs4471745,-0.4027624802929063,1.1126963843496256
rs11652805,0.17155451076263442,-0.24561371828490242
rs2042762,-1.0191534443662558,-0.34269173542349546
rs7226659,0.29062012739005705,0.44622888226019297
rs3916235,-0.00673042928755252,-0.013183414479665461
rs4891825,2.378218646198687,-0.1726023300414697
rs7251928,0.14016715813048952,-0.1827909172132161
rs310644,-1.0560203757607125,-1.649721371517324
rs2024566,0.2451023020154318,0.45496775847507837
